{
  "temperature_celsius": {
    "top_models": [
      "ARIMA",
      "SARIMA",
      "XGBoost"
    ],
    "weights": {
      "ARIMA": 0.3605324174893062,
      "SARIMA": 0.34329552705248245,
      "XGBoost": 0.2961720554582114
    },
    "metrics": {
      "ARIMA": {
        "MAE": 0.2229612144668153,
        "RMSE": 0.29360458394577665,
        "MAPE": 0.9718544264442778,
        "R2": 0.7577679860874478
      },
      "LightGBM": {
        "MAE": 0.3288945698862507,
        "RMSE": 0.4027363076125967,
        "MAPE": 1.442777531640815,
        "R2": 0.5442282064535097
      },
      "Prophet": {
        "MAE": 1.2339424482583325,
        "RMSE": 1.312993188268597,
        "MAPE": 5.34070523274347,
        "R2": -3.8442976782313565
      },
      "RandomForest": {
        "MAE": 0.2628993085433566,
        "RMSE": 0.33310722110017393,
        "MAPE": 1.1471827356398143,
        "R2": 0.6882015361505016
      },
      "SARIMA": {
        "MAE": 0.22898164521980735,
        "RMSE": 0.30080923944281973,
        "MAPE": 0.9978994610969572,
        "R2": 0.7457340418135707
      },
      "XGBoost": {
        "MAE": 0.27616694116583135,
        "RMSE": 0.34145592535325725,
        "MAPE": 1.207350992793569,
        "R2": 0.6723763960440603
      },
      "Voting": {
        "MAE": 0.21022399650533524,
        "RMSE": 0.2877221135127321,
        "MAPE": 0.9157815953776722,
        "R2": 0.7673771565514866
      },
      "WeightedAverage": {
        "MAE": 0.21003779975747752,
        "RMSE": 0.2874011908470948,
        "MAPE": 0.9148218500309686,
        "R2": 0.7678957980137459
      },
      "Stacking": {
        "MAE": 0.3715862872418266,
        "RMSE": 0.4398680001080423,
        "MAPE": 1.606346019156757,
        "R2": 0.45631091566841664
      }
    },
    "best_model": "WeightedAverage",
    "eval_window_days": 60
  },
  "humidity": {
    "top_models": [
      "ARIMA",
      "SARIMA",
      "XGBoost"
    ],
    "weights": {
      "ARIMA": 0.33935977719960003,
      "SARIMA": 0.3375358394364225,
      "XGBoost": 0.32310438336397745
    },
    "metrics": {
      "ARIMA": {
        "MAE": 0.9782964355476589,
        "RMSE": 1.2429869795943282,
        "MAPE": 1.4092413168034714,
        "R2": 0.3524950175318704
      },
      "LightGBM": {
        "MAE": 1.0792100881258841,
        "RMSE": 1.37855661344271,
        "MAPE": 1.5508132653133027,
        "R2": 0.20354880549846976
      },
      "Prophet": {
        "MAE": 3.332045948234677,
        "RMSE": 3.689452932388275,
        "MAPE": 4.833417456689511,
        "R2": -4.704714367572099
      },
      "RandomForest": {
        "MAE": 1.0088263208876094,
        "RMSE": 1.2979544221344548,
        "MAPE": 1.4545574013390206,
        "R2": 0.2939607569593605
      },
      "SARIMA": {
        "MAE": 0.9424848896181928,
        "RMSE": 1.2258645670245378,
        "MAPE": 1.3568494698888953,
        "R2": 0.3702111895905106
      },
      "XGBoost": {
        "MAE": 1.005540448067732,
        "RMSE": 1.3264230682004283,
        "MAPE": 1.4452538865965339,
        "R2": 0.2626493146560417
      },
      "Voting": {
        "MAE": 0.9608522416413464,
        "RMSE": 1.2442687050218724,
        "MAPE": 1.3829411238197105,
        "R2": 0.35115895929721375
      },
      "WeightedAverage": {
        "MAE": 0.960249469212214,
        "RMSE": 1.2435862668704603,
        "MAPE": 1.382104100542071,
        "R2": 0.3518704976491177
      },
      "Stacking": {
        "MAE": 1.187144106625761,
        "RMSE": 1.5317228337784274,
        "MAPE": 1.715059934317921,
        "R2": 0.016735569433647512
      }
    },
    "best_model": "SARIMA",
    "eval_window_days": 60
  },
  "precip_mm": {
    "top_models": [
      "ARIMA",
      "SARIMA",
      "Prophet"
    ],
    "weights": {
      "ARIMA": 0.34685409561830943,
      "SARIMA": 0.3417149681740025,
      "Prophet": 0.3114309362076881
    },
    "metrics": {
      "ARIMA": {
        "MAE": 0.026164907233668346,
        "RMSE": 0.033333760453801674,
        "MAPE": 25.637628882366915,
        "R2": 0.021547263760080204
      },
      "LightGBM": {
        "MAE": 0.033457551063092075,
        "RMSE": 0.0393492371425036,
        "MAPE": 36.308359188988554,
        "R2": -0.3634645983238154
      },
      "Prophet": {
        "MAE": 0.033871307690201115,
        "RMSE": 0.040082405264241824,
        "MAPE": 37.81208664469212,
        "R2": -0.4147469990384838
      },
      "RandomForest": {
        "MAE": 0.03156252497872617,
        "RMSE": 0.03731215466629238,
        "MAPE": 34.65440418798794,
        "R2": -0.22594754926375438
      },
      "SARIMA": {
        "MAE": 0.02591687425853207,
        "RMSE": 0.03346619768062858,
        "MAPE": 25.20400499994222,
        "R2": 0.01375690424309517
      },
      "XGBoost": {
        "MAE": 0.0321946891361523,
        "RMSE": 0.038393032984188655,
        "MAPE": 35.83110696171013,
        "R2": -0.29800413452819186
      },
      "Voting": {
        "MAE": 0.027145401151975904,
        "RMSE": 0.03360403219895829,
        "MAPE": 28.20284393196319,
        "R2": 0.00561625543200206
      },
      "WeightedAverage": {
        "MAE": 0.02696155908196079,
        "RMSE": 0.033521559916150405,
        "MAPE": 27.920700420987504,
        "R2": 0.010491174132662429
      },
      "Stacking": {
        "MAE": 0.025871422631754248,
        "RMSE": 0.034219188029273366,
        "MAPE": 24.930006871240764,
        "R2": -0.03112337492247108
      }
    },
    "best_model": "ARIMA",
    "eval_window_days": 60
  }
}