{
  "random_forest": {
    "temperature_celsius_lag1": 0.8294516350062728,
    "temperature_celsius_rollmean3": 0.1022286250148611,
    "temperature_celsius_rollmean14": 0.0109729432960017,
    "humidity": 0.01084870033976083,
    "pressure_change_1d": 0.005730065650556005,
    "temperature_celsius_rollmean7": 0.003781367548210847,
    "humidity_lag1": 0.0032722682130368248,
    "temperature_celsius_rollmean30": 0.001476707230881911,
    "humidity_rollmean3": 0.0013791927189970125,
    "pressure_mb": 0.0013483152707375954,
    "uv_index": 0.0013370987013730344,
    "temperature_celsius_rollstd30": 0.0011104761668959831,
    "humidity_rollmean7": 0.001082907959821738,
    "humidity_rollmean14": 0.0010564330605500692,
    "temperature_celsius_rollstd14": 0.0009759337052052646,
    "temperature_celsius_rollstd7": 0.0009102428824852625,
    "wind_degree": 0.0008789172010883126,
    "humidity_rollmean30": 0.000871012467046357,
    "cloud": 0.0008604790916099711,
    "air_quality_Carbon_Monoxide": 0.0007989908159834451,
    "temperature_celsius_rollstd3": 0.0007953224260638239,
    "temperature_celsius_lag14": 0.0007923305660862176,
    "temperature_celsius_lag7": 0.0007648892289524595,
    "air_quality_Ozone": 0.0007588860291097721,
    "temperature_celsius_lag2": 0.0007271625162384569,
    "gust_kph": 0.0007192922331845383,
    "temperature_celsius_lag3": 0.0006764968511098427,
    "air_quality_Sulphur_dioxide": 0.000671468209957769,
    "day_of_year": 0.0006492244573252307,
    "wind_kph": 0.000644329581577304,
    "moon_illumination": 0.0006388476740215029,
    "pressure_trend_7d": 0.0006372984127350388,
    "humidity_rollstd30": 0.0006353723649434057,
    "air_quality_PM10": 0.0006128087851088224,
    "humidity_rollstd3": 0.0005994339595906776,
    "air_quality_Nitrogen_dioxide": 0.0005914344846547595,
    "air_quality_PM2.5": 0.0005874545365862035,
    "humidity_rollstd14": 0.0005820413695016521,
    "humidity_rollstd7": 0.0005755950495535243,
    "humidity_lag2": 0.0005456037082032878,
    "day": 0.0005264121155474915,
    "humidity_lag14": 0.0005230724941645967,
    "humidity_lag7": 0.0004898238807365578,
    "humidity_lag3": 0.0004863500873126203,
    "precip_mm_rollstd30": 0.00043328533942987136,
    "precip_mm_rollmean30": 0.00040727391059129187,
    "precip_mm": 0.000337372674051972,
    "week": 0.000320486433128019,
    "precip_mm_rollstd14": 0.0003100382855855843,
    "precip_mm_rollmean14": 0.0002881187162973099,
    "day_of_week": 0.000288026421871964,
    "precip_mm_rollstd7": 0.00024755764015870776,
    "precip_mm_rollmean7": 0.00021332506607864158,
    "precip_mm_lag1": 0.000192629079344218,
    "visibility_km": 0.00017106205211913703,
    "precip_mm_rollstd3": 0.0001581221450961581,
    "precip_mm_lag14": 0.00015594239021025355,
    "precip_mm_lag7": 0.00014692732839712849,
    "precip_mm_rollmean3": 0.0001419941559384434,
    "precip_mm_lag2": 0.00013767707568387204,
    "precip_mm_lag3": 0.00013760371390811655,
    "year": 9.710695905890074e-05,
    "month": 8.286451268795737e-05,
    "air_quality_gb-defra-index": 4.5484033776642264e-05,
    "is_weekend": 3.0342915259787107e-05,
    "quarter": 2.943974190967082e-05,
    "air_quality_us-epa-index": 2.4056045774463865e-05
  },
  "xgboost": {
    "temperature_celsius_lag1": 0.48217448592185974,
    "temperature_celsius_rollmean3": 0.32882159948349,
    "temperature_celsius_rollmean7": 0.07033424824476242,
    "temperature_celsius_rollmean14": 0.06892932206392288,
    "humidity": 0.003984671086072922,
    "pressure_change_1d": 0.003495425684377551,
    "humidity_lag1": 0.003154468722641468,
    "temperature_celsius_rollmean30": 0.003128170734271407,
    "humidity_rollmean7": 0.0023764953948557377,
    "humidity_rollmean3": 0.0021675860043615103,
    "humidity_rollmean14": 0.002008650219067931,
    "pressure_mb": 0.001678492408245802,
    "uv_index": 0.0015228675911203027,
    "cloud": 0.001376452622935176,
    "humidity_rollmean30": 0.000997044495306909,
    "temperature_celsius_rollstd30": 0.0009374718647450209,
    "temperature_celsius_lag14": 0.0009099473245441914,
    "day_of_year": 0.0008559678681194782,
    "week": 0.0007579414523206651,
    "precip_mm_lag1": 0.0007558126817457378,
    "temperature_celsius_rollstd14": 0.0007126827840693295,
    "air_quality_gb-defra-index": 0.0006996733136475086,
    "air_quality_us-epa-index": 0.000675735529512167,
    "air_quality_PM2.5": 0.0006721758982166648,
    "air_quality_PM10": 0.0006197228212840855,
    "precip_mm": 0.0005728707765229046,
    "gust_kph": 0.0005311167915351689,
    "wind_degree": 0.0005236939759925008,
    "air_quality_Carbon_Monoxide": 0.0005233847186900675,
    "year": 0.0005095628439448774,
    "precip_mm_rollstd14": 0.000502994516864419,
    "temperature_celsius_rollstd7": 0.0004876769380643964,
    "precip_mm_rollmean14": 0.0004837092128582299,
    "temperature_celsius_lag7": 0.00045295929885469377,
    "air_quality_Ozone": 0.00044770422391593456,
    "precip_mm_rollmean30": 0.0004442780918907374,
    "air_quality_Sulphur_dioxide": 0.00044216064270585775,
    "month": 0.0004356542194727808,
    "precip_mm_rollstd7": 0.00043098125024698675,
    "temperature_celsius_lag2": 0.0004268042976036668,
    "wind_kph": 0.000425393896875903,
    "quarter": 0.000403155863750726,
    "pressure_trend_7d": 0.0004024706722702831,
    "temperature_celsius_rollstd3": 0.00039063338772393763,
    "precip_mm_rollmean7": 0.0003898127470165491,
    "visibility_km": 0.00038643309380859137,
    "precip_mm_rollstd30": 0.00038338181911967695,
    "humidity_rollstd30": 0.00037321634590625763,
    "precip_mm_rollstd3": 0.00037084336508996785,
    "humidity_lag2": 0.0003672319871839136,
    "humidity_lag3": 0.0003587494429666549,
    "temperature_celsius_lag3": 0.00035374920116737485,
    "precip_mm_rollmean3": 0.00034215726191177964,
    "air_quality_Nitrogen_dioxide": 0.0003367510798852891,
    "precip_mm_lag3": 0.0003211263392586261,
    "humidity_lag14": 0.0003180095227435231,
    "precip_mm_lag2": 0.00030109030194580555,
    "is_weekend": 0.0003004821192007512,
    "day_of_week": 0.00029928411822766066,
    "day": 0.00029907989664934576,
    "humidity_rollstd14": 0.0002968115149997175,
    "moon_illumination": 0.0002953592920675874,
    "precip_mm_lag7": 0.0002877884544432163,
    "humidity_rollstd7": 0.0002638699079398066,
    "humidity_lag7": 0.0002600754960440099,
    "precip_mm_lag14": 0.0002567741321399808,
    "humidity_rollstd3": 0.00025369066861458123
  },
  "permutation": {
    "temperature_celsius_lag1": 0.7108906517618125,
    "humidity": 0.14135640401049887,
    "temperature_celsius_rollmean14": 0.027956509245626916,
    "humidity_lag1": 0.025563362389669008,
    "temperature_celsius_rollmean3": 0.025351001944434005,
    "pressure_change_1d": 0.0066552663778549626,
    "temperature_celsius_rollmean7": 0.005837574880895024,
    "temperature_celsius_rollmean30": 0.004460853596149938,
    "humidity_rollmean14": 0.004217508424104443,
    "uv_index": 0.004164705491726983,
    "pressure_mb": 0.0029728230208985185,
    "cloud": 0.0016658616114539671,
    "humidity_rollmean7": 0.001653920013294763,
    "day_of_year": 0.0014580863904384734,
    "air_quality_PM2.5": 0.0013330659528487886,
    "wind_degree": 0.0013226132485335996,
    "humidity_rollmean3": 0.0012930705317280911,
    "wind_kph": 0.0010236812162208952,
    "humidity_rollmean30": 0.0007763333264615424,
    "temperature_celsius_rollstd30": 0.0007515949596266225,
    "precip_mm_lag1": 0.0006744070800845048,
    "temperature_celsius_lag14": 0.0006129329759016145,
    "temperature_celsius_rollstd14": 0.0005586208412019066,
    "air_quality_PM10": 0.0005309790123221969,
    "air_quality_Carbon_Monoxide": 0.0005267395394419339,
    "air_quality_Sulphur_dioxide": 0.0003880487303738578,
    "temperature_celsius_lag2": 0.000333814841165081,
    "pressure_trend_7d": 0.00033174608158750287,
    "gust_kph": 0.0003260994895252445,
    "air_quality_Ozone": 0.0003056515413468519,