{
  "temperature_celsius": {
    "ARIMA": {
      "MAE": 0.24935573490694563,
      "RMSE": 0.320775314096521,
      "MAPE": 1.1382150642597817,
      "R2": 0.9364256150907108
    },
    "SARIMA": {
      "MAE": 0.260937889593387,
      "RMSE": 0.33230740954663407,
      "MAPE": 1.1926301042592922,
      "R2": 0.9317723615889948
    },
    "Prophet": {
      "MAE": 1.0008105243896974,
      "RMSE": 1.1282907499197192,
      "MAPE": 4.4190828471761066,
      "R2": 0.2134572277623863
    },
    "XGBoost": {
      "MAE": 0.3066094041497344,
      "RMSE": 0.3808471542585419,
      "MAPE": 1.399738837248264,
      "R2": 0.9103847916414367
    },
    "RandomForest": {
      "MAE": 0.30903700537476275,
      "RMSE": 0.3834087320490543,
      "MAPE": 1.4141589639840826,
      "R2": 0.9091752338294582
    },
    "LightGBM": {
      "MAE": 0.3533020351551018,
      "RMSE": 0.43077171298576505,
      "MAPE": 1.6145030027272091,
      "R2": 0.8853498456738641
    }
  },
  "humidity": {
    "ARIMA": {
      "MAE": 0.9878307140538594,
      "RMSE": 1.2170947433875896,
      "MAPE": 1.425650681774974,
      "R2": 0.2487226948629354
    },
    "SARIMA": {
      "MAE": 0.9571180186203917,
      "RMSE": 1.2074884907688894,
      "MAPE": 1.3813348032728514,
      "R2": 0.2605352159616826
    },
    "Prophet": {
      "MAE": 3.178225789548421,
      "RMSE": 3.501971813084249,
      "MAPE": 4.613034915245539,
      "R2": -5.219805279306493
    },
    "XGBoost": {
      "MAE": 1.0091539143158026,
      "RMSE": 1.2925918288408147,
      "MAPE": 1.4551993323210448,
      "R2": 0.15262761115353263
    },
    "RandomForest": {
      "MAE": 1.0039231652498102,
      "RMSE": 1.2781231437073786,
      "MAPE": 1.4523485203206028,
      "R2": 0.17149164161035857
    },
    "LightGBM": {
      "MAE": 1.085029335472449,
      "RMSE": 1.3532796148820345,
      "MAPE": 1.5640818738082256,
      "R2": 0.0711906556015649
    }
  },
  "precip_mm": {
    "ARIMA": {
      "MAE": 0.024292749930556135,
      "RMSE": 0.031183764182200945,
      "MAPE": 24.16897886395484,
      "R2": 0.010435593674037458
    },
    "SARIMA": {
      "MAE": 0.02423758857064965,
      "RMSE": 0.03139021519620631,
      "MAPE": 23.87541914849108,
      "R2": -0.0027105321789604453
    },
    "Prophet": {
      "MAE": 0.03036264185627128,
      "RMSE": 0.0368569120868271,
      "MAPE": 33.96382429340351,
      "R2": -0.38237185838904675
    },
    "XGBoost": {
      "MAE": 0.030032991020790625,
      "RMSE": 0.036651697262114716,
      "MAPE": 33.52609505782594,
      "R2": -0.3670209553570072
    },
    "RandomForest": {
      "MAE": 0.029636828429667857,
      "RMSE": 0.03541243012599669,
      "MAPE": 32.8688728553416,
      "R2": -0.2761403825432278
    },
    "LightGBM": {
      "MAE": 0.031180849776952055,
      "RMSE": 0.03759419622784232,
      "MAPE": 33.96292037825096,
      "R2": -0.4382308447036063
    }
  }
}